{
    "welcome_text": "Добро пожаловать в сервис доставки Flow Delivery",
    "about_us": "Flow Delivery - служба экспресс доставки букетов и подарков.",
    "main_menu": [
        "Заказ",
        "Активные заказы",
        "Мой кабинет",
        "О нас"
    ],
    "reply_markups": {
        "main_menu_order_section": [
            "Новый заказ",
            "Выполненые заказы"
        ],
        "main_menu_order_section_text": "Меню заказов:",
        "main_menu_start_as_currier": [
            "Регистрация",
            "Информация"
        ],
        "main_menu_start_as_currier_text": "Меню информации для курьеров:"
    },
    "order_data": {
        "format": "**Номер заказа: #{}**\nСтатус: {}\nАдрес от куда забрать: {}\nВремя забора: {}\nАдреса доставки:{}\n\nЦена: {}\nТип оплаты: {}\n{}",
        "format_upd_info": "Обновленная информация:\n\n",
        "state_maping": {
            "searthCurrier": "Поиск курьера",
            "getedCurrier": "Курьер принял заказ",
            "waitCurrierDelivery": "Ожидание доставки получателю",
            "finish": "Завершено",
            "cancel": "Отменено"
        },
        "pay_maping": {
            "nal": "Наличные / на карту курьеру",
            "balans": "Оплата с баланса",
            "online": "Картой онлайн"
        }
    },
    "new_order_menu": {
        "select_get_adress": "Введитете адресс получения заказа:",
        "new_button": "Новый",
        "need_timing": "Срочно? +5% от стоимости доставки.",
        "need_timing_menu": [
            "Да",
            "Нет"
        ],
        "need_garant": "Нужна страховка? +2% от стоимости отправления. Если курьер не довезет отправление  - сервис компенсирует вам его стоимость",
        "need_garant_menu": [
            "Да",
            "Нет"
        ],
        "need_garant_get_price": "Напишите цену отправления:",
        "get_gtime": "Отправьте нужное время для прибытия за заказом:",
        "get_phone_g": "Отправьте номер телефона получателя:",
        "get_name_g": "Отправьте имя получателя:",
        "get_tolocation": "Отправьте метро, адрес или локацию(предпочтительнее):",
        "get_time_g": "Отправьте время для вручения заказа получателю:",
        "get_price": "Отправьте общую цену доставки:",
        "price_error": "Ошибка! Цена должна быть числом... Попробуйте ещё раз:",
        "get_comment": "Отправьте комментарий к заказу:",
        "skip_comment_but": "Пропустить",
        "more_adress_but": "Добавить ещё один адрес",
        "payment_menu": {
            "balans_not": "На балансе недостаточно средств...",
            "ok": "Заказ успешно приянт! Ожидайте принятие курьером.",
            "select_payments_method": "К оплате: {}\nВыберите метод оплаты:",
            "pay_link_text":"Для оплаты выберите способ оплаты и после нажмите \"Я оплатил\"(для оплаты с Qiwi)",
            "pay_link_but":"Qiwi",
            "ykassa": "ЮКасса",
            "pay_link_but_ok":"Я оплатил",
            "methods": [
                "Наличными /на карту курьеру",
                "Картой онлайн",
                "Оплата с баланса"
            ]
        }
    },
    "active_order_menu": {
        "now_is_null": "В данный момент у вас нету активных заказов!",
        "select_order": "Выберите заказ:",
        "select_action": "Выберите действие:",
        "selected_order_menu": [
            "Изменить",
            "Отменить",
            "Написать курьеру"
        ],
        "cancel_order_attention": {
            "your_sure": "Вы уверены что хотите отменить заказ?",
            "menu": [
                "Да",
                "Нет"
            ],
            "ok": "Заказ был успешно отменен.",
            "not": "Действие отменено."
        },
        "edit_order": {
            "write_new_text": "Отправьте новую информацию, о которой следует оповестить курьера:",
            "write_new_text_ok": "Информация успешно добавлена к заказу."
        },
        "msg_to_currier": {
            "write_msg": "Отправьте сообщение которое следует отправить курьеру:",
            "write_msg_ok": "Сообщение успешно отправлено!",
            "answer_alert": "Ответ от курьера: {}",
            "answer_but": "Ответить",
            "not_currier": "Заказ всё еще находится на стадии поиска курьера"
        }
    },
    "old_order_menu": {
        "now_is_null": "В данный момент у вас нету ззавершенных заказов...",
        "select_order": "Выберите заказ:",
        "select_do": "Что хотите сделать?",
        "selected_order_menu": [
            "Оценить",
            "Жалоба"
        ],
        "report_menu": {
            "text": "Отправьте сообщение жалобы:",
            "ok": "Жалоба успешно отправлена!"
        },
        "rate_menu": {
            "select_rate": "Выберите оценку:",
            "select_rate_list": [
                "1",
                "2",
                "3",
                "4",
                "5"
            ],
            "select_rate_ok": "Оценка успешно отправлена!"
        }
    },
    "mycab_menu": {
        "text": "Ваш баланс: {}",
        "balans_up_but": "Пополнить",
        "balans_up_get_price": "Отправьте сумму:\n(Не меньше 80 рублей)",
        "balans_up_get_price_error": "Ошибка! Сумма должа быть не меньше 80р.",
        "balans_up_ok": "Вы успешно пополнили баланс!",
        "menu": [
            "Сохранненые адресса"
        ],
        "now_is_null": "В данный момент нету сохраненных адрессов:",
        "select_adress": "Выберите адрес:",
        "seleced_adress_menu": [
            "Удалить"
        ],
        "new_adress": {
            "save_text": "Сохранить?",
            "save_menu": [
                "Да",
                "Нет"
            ],
            "get_name": "Отправьте удобное вам имя для нового адресса:",
            "not_save_name": "Последний",
            "name_already_error": "Ошибка! Такое имя уже существует, попробуйте еще раз:",
            "get_glocation": "Отправьте адресс забора:\nВы можете отправить как текст так и локацию(предпочтительнее)",
            "get_owner_phone": "Отправьте номер телефона для забора:",
            "get_owner_name": "Отправьте имя:",
            "ok": "Адрес успешно добавлен!"
        }
    },
    "new_currier_menu": {
        "info": "Курьр это ответственная работа, но прежде чтобы с ней ознакмится эту информацию нужно написать!",
        "offerta_text": "Будьте честными пожалуйста...",
        "offerta_confrim_but": "Принять",
        "offerta_ok": "Принято.",
        "already_currier": "Вы не можете пройти регистрацию потому что уже являетесь курьером либо отправили заявку на рассмотрение...",
        "currier_welcome": "Добро пожаловать! Вы являетесь курьером.",
        "register_steps": {
            "get_move_type_text": "Работа:",
            "get_move_type_menu": [
                "Пешком",
                "Пешком+авто",
                "Авто"
            ],
            "get_move_type_car_text": "Тип автомобиля:",
            "get_move_type_car_menu": [
                "Легковой",
                "Грузовой"
            ],
            "get_name": "Отправьте ваше имя, фамилию и отчество в формате - Имя Фамилия Отчество:\n(Не меньше 3 слов)",
            "names_error": "Ошибка, вы должны отправить как минимум 3 слова (Имя Фамилия Отчество)!\nПопробуйте еще раз:",
            "get_birthday": "Отправьте дату рождения:",
            "birthday_error": "Ошибка! Дата должна быть в формате день.месяц.год",
            "get_email": "Отправьте ваш E-mail:",
            "email_error": "Ошибка! Вам необходимо отправить E-mail адрес.",
            "get_passport": "Отправьте 2-3 страницу паспорта:\n(Одним фото)",
            "get_selfie": "Отправьте страницу с пропиской или регистрацию:",
            "get_drive_license_front": "Отправьте фото лицевой стороны водительского удостоверения:",
            "get_drive_license_back": "Отправьте заднюю сторону водительского удостоверения:",
            "need_photo_error": "Ошибка! Вам необходимо отправить фотографию.",
            "get_snils": "Отправьте СНИЛС:",
            "get_bank": "Название вашего банка:",
            "get_bik": "Отправьте БИК банка:",
            "get_korespond_amount": "Отправьте кореспонденский счёт:",
            "get_razamount": "Ваш расчётный счёт:",
            "get_inn": "Отправьте ваш ИНН:",
            "get_phone": "Отправьте ваш номер телефона. Номер телефона начинается с 7, без +, далее код оператора и и номер (71231234567)) :",
            "get_phone_error": "Ошибка, возможно вы указали номер неверного формата. Попробуйте ещё раз:",
            "get_code": "На ваш номер отправлен код подтверждения... Дождитесь получения и отправьте:",
            "get_code_error": "Ошибка, кот подтверждения неверный, попробуйте ещё раз:"
        },
        "sent_to_moder": "Ваша заявка отправлена на рассмотрение!",
        "currier_request_cancel": "Ваша заявка отклонена по причине:\n\n {}",
        "request_format": "Новая заявка:\nИмя: {}\nДата рождения: {}\nEmail: {}\nСнилс:{}\nБанк:{}\nБИК:{}\nКореспонденский счёт:{}\nРасчётный счёт:{}\nТип передвижения: {}\nИНН: {}\nНомер телефона: {}\n\nДокументы:",
        "request_to_text": "Что делать с заявкой?",
        "request_to_but": [
            "Принять",
            "Отклонить"
        ],
        "request_accepted": "Принято.",
        "request_get_cancel_text": "Отправьте причину отклонения:",
        "request_canceled": "Отклонено.",
        "move_type_names": {
            "r": "Пешком",
            "rc": "Пешком+Машина",
            "c": "Машина",
            "s": "Легковая",
            "f": "Грузовая",
            "n": "Без машины"
        },
        "currier_request_ok": "Ваша заявка одобрена! Используйте бота меню (Напишите снова /start если меню отсуствует)"
    },
    "currier_menu": {
        "new_order_format": "Заказ #{}\nАдрес забора: {}\nВремя забора: {}\nАдреса доставки:{}\nСрочность: {}\nЦена: {}",
        "new_order_markup": "Принять заказ",
        "accepted_order": "Вы успешно взялись за работу над заказом #{}!",
        "menu": [
            "Активные заказы",
            "Завершенные заказы",
            "Кабинет",
            "Справка"
        ],
        "currier_cab":{
            "text_format":"Ваша баланс задолжености: {}\n(Имейте ввиду что после 200р вы не сможете принимать заказы)\nБаланс для выплат: {}",
            "up_debt_but":"Пополнить задолженость",
            "debt_null":"У вас нету задолжености!",
            "payments_ok":"Задолженость успешно уплачена!"
        },
        "info_section_select_question_text": "Выберите вопрос:",
        "active_order_menu": {
            "finish": "Заказ успешно завершен!",
            "now_is_null": "В данный момент нету активных заказов...",
            "select_order": "Выберите заказ:",
            "format": "Заказ #{}\nАдрес забора: {}\nВремя забора: {}\nАдреса доставки:{}\n\nСрочность: {}\nЦена: {}\nКомментарий:{}\n{}",
            "adress_format": "\n{})Адрес доставки: {}\nВремя доставки: {}\nИмя получателя: {}\nНомер телефона получателя: {}",
            "format_upd_info": "Обновленная информация:\n\n",
            "buts": {
                "get_order_in_point": "Забрал заказ",
                "go_order": "Доставлено адрессу №{}"
            }
        },
        "info_section": {
            "currier_must_rules": "Обязаности курьера",
            "currier_must_rules_answer": "Курьер обязан хорошо работать",
            "customer_must_rules": "Обязаности заказчика",
            "customer_must_rules_answer": "Заказчик обязан платить за работу",
            "fines": "Штрафы",
            "fines_answer": "Штрафы за плохую работу",
            "wait": "Доплаты",
            "wait_answer": "Доплаты за хорошую работу",
            "exta_situation": "Экстренные ситуации",
            "exta_situation_answer": "В экстренных ситуациях нужно круто реагировать",
            "instuction": "Инструкции",
            "instuction_answer": "Инструкция: хорошо работай)"
        },
        "old_order": {
            "null": "В данный момент нету завершенных заказов!",
            "select": "Выберите заказ:",
            "rating": "Рейтинг: {}",
            "not_rate": "Не оценено"
        }
    },
    "sms_templates":{
        "currier_geted_order":"Заказ #{} принял курьер.",
        "currier_geted_flower":"Заказ #{}\nКурьер отправляется к получателю."
    },
    "back_to_main_menu": "Вернутся в главное меню",
    "back_to_main_menu_text": "Вы вернулись в главное меню!",
    "cancel_hundler_but": "Отменить",
    "cancel_hundler_ok": "Успшено отменено."
}